{
	"start":	{
		"connected":	[{
				"socket":	7,
				"local_host":	"10.0.1.2",
				"local_port":	54410,
				"remote_host":	"10.0.6.2",
				"remote_port":	5201
			}],
		"version":	"iperf 3.9",
		"system_info":	"Linux ip-172-31-92-69 5.15.0-1019-aws #23-Ubuntu SMP Wed Aug 17 18:33:13 UTC 2022 x86_64",
		"timestamp":	{
			"time":	"Sat, 19 Nov 2022 01:53:04 GMT",
			"timesecs":	1668822784
		},
		"connecting_to":	{
			"host":	"10.0.6.2",
			"port":	5201
		},
		"cookie":	"dpianrjt5lky6gmckchgyrwpcu6npzeodx6t",
		"tcp_mss_default":	1448,
		"sock_bufsize":	0,
		"sndbuf_actual":	87380,
		"rcvbuf_actual":	87380,
		"test_start":	{
			"protocol":	"TCP",
			"num_streams":	1,
			"blksize":	131072,
			"omit":	0,
			"duration":	10,
			"bytes":	0,
			"blocks":	0,
			"reverse":	0,
			"tos":	0
		}
	},
	"intervals":	[{
			"streams":	[{
					"socket":	7,
					"start":	0,
					"end":	1.000129,
					"seconds":	1.0001289844512939,
					"bytes":	1143920,
					"bits_per_second":	9150179.7690832447,
					"retransmits":	0,
					"snd_cwnd":	199824,
					"rtt":	180502,
					"rttvar":	49,
					"pmtu":	1500,
					"omitted":	false,
					"sender":	true
				}],
			"sum":	{
				"start":	0,
				"end":	1.000129,
				"seconds":	1.0001289844512939,
				"bytes":	1143920,
				"bits_per_second":	9150179.7690832447,
				"retransmits":	0,
				"omitted":	false,
				"sender":	true
			}
		}, {
			"streams":	[{
					"socket":	7,
					"start":	1.000129,
					"end":	2.000129,
					"seconds":	1,
					"bytes":	19783600,
					"bits_per_second":	158268800,
					"retransmits":	0,
					"snd_cwnd":	9979616,
					"rtt":	180436,
					"rttvar":	134,
					"pmtu":	1500,
					"omitted":	false,
					"sender":	true
				}],
			"sum":	{
				"start":	1.000129,
				"end":	2.000129,
				"seconds":	1,
				"bytes":	19783600,
				"bits_per_second":	158268800,
				"retransmits":	0,
				"omitted":	false,
				"sender":	true
			}
		}, {
			"streams":	[{
					"socket":	7,
					"start":	2.000129,
					"end":	3.000147,
					"seconds":	1.0000180006027222,
					"bytes":	13107200,
					"bits_per_second":	104855712.53397553,
					"retransmits":	0,
					"snd_cwnd":	13343320,
					"rtt":	697334,
					"rttvar":	299,
					"pmtu":	1500,
					"omitted":	false,
					"sender":	true
				}],
			"sum":	{
				"start":	2.000129,
				"end":	3.000147,
				"seconds":	1.0000180006027222,
				"bytes":	13107200,
				"bits_per_second":	104855712.53397553,
				"retransmits":	0,
				"omitted":	false,
				"sender":	true
			}
		}, {
			"streams":	[{
					"socket":	7,
					"start":	3.000147,
					"end":	4.000099,
					"seconds":	0.99995201826095581,
					"bytes":	11796480,
					"bits_per_second":	94376368.342277735,
					"retransmits":	0,
					"snd_cwnd":	13343320,
					"rtt":	700821,
					"rttvar":	353,
					"pmtu":	1500,
					"omitted":	false,
					"sender":	true
				}],
			"sum":	{
				"start":	3.000147,
				"end":	4.000099,
				"seconds":	0.99995201826095581,
				"bytes":	11796480,
				"bits_per_second":	94376368.342277735,
				"retransmits":	0,
				"omitted":	false,
				"sender":	true
			}
		}, {
			"streams":	[{
					"socket":	7,
					"start":	4.000099,
					"end":	5.000097,
					"seconds":	0.99999797344207764,
					"bytes":	11796480,
					"bits_per_second":	94372031.2503876,
					"retransmits":	0,
					"snd_cwnd":	13343320,
					"rtt":	701315,
					"rttvar":	43,
					"pmtu":	1500,
					"omitted":	false,
					"sender":	true
				}],
			"sum":	{
				"start":	4.000099,
				"end":	5.000097,
				"seconds":	0.99999797344207764,
				"bytes":	11796480,
				"bits_per_second":	94372031.2503876,
				"retransmits":	0,
				"omitted":	false,
				"sender":	true
			}
		}, {
			"streams":	[{
					"socket":	7,
					"start":	5.000097,
					"end":	6.000108,
					"seconds":	1.0000109672546387,
					"bytes":	11796480,
					"bits_per_second":	94370805.011351,
					"retransmits":	0,
					"snd_cwnd":	13343320,
					"rtt":	701277,
					"rttvar":	29,
					"pmtu":	1500,
					"omitted":	false,
					"sender":	true
				}],
			"sum":	{
				"start":	5.000097,
				"end":	6.000108,
				"seconds":	1.0000109672546387,
				"bytes":	11796480,
				"bits_per_second":	94370805.011351,
				"retransmits":	0,
				"omitted":	false,
				"sender":	true
			}
		}, {
			"streams":	[{
					"socket":	7,
					"start":	6.000108,
					"end":	7.000069,
					"seconds":	0.999961018562317,
					"bytes":	11796480,
					"bits_per_second":	94375518.893408552,
					"retransmits":	0,
					"snd_cwnd":	13343320,
					"rtt":	701287,
					"rttvar":	34,
					"pmtu":	1500,
					"omitted":	false,
					"sender":	true
				}],
			"sum":	{
				"start":	6.000108,
				"end":	7.000069,
				"seconds":	0.999961018562317,
				"bytes":	11796480,
				"bits_per_second":	94375518.893408552,
				"retransmits":	0,
				"omitted":	false,
				"sender":	true
			}
		}, {
			"streams":	[{
					"socket":	7,
					"start":	7.000069,
					"end":	8.000076,
					"seconds":	1.0000070333480835,
					"bytes":	11796480,
					"bits_per_second":	94371176.254668355,
					"retransmits":	0,
					"snd_cwnd":	13343320,
					"rtt":	701284,
					"rttvar":	22,
					"pmtu":	1500,
					"omitted":	false,
					"sender":	true
				}],
			"sum":	{
				"start":	7.000069,
				"end":	8.000076,
				"seconds":	1.0000070333480835,
				"bytes":	11796480,
				"bits_per_second":	94371176.254668355,
				"retransmits":	0,
				"omitted":	false,
				"sender":	true
			}
		}, {
			"streams":	[{
					"socket":	7,
					"start":	8.000076,
					"end":	9.000044,
					"seconds":	0.99996799230575562,
					"bytes":	13107200,
					"bits_per_second":	104860956.35742927,
					"retransmits":	0,
					"snd_cwnd":	13343320,
					"rtt":	701308,
					"rttvar":	26,
					"pmtu":	1500,
					"omitted":	false,
					"sender":	true
				}],
			"sum":	{
				"start":	8.000076,
				"end":	9.000044,
				"seconds":	0.99996799230575562,
				"bytes":	13107200,
				"bits_per_second":	104860956.35742927,
				"retransmits":	0,
				"omitted":	false,
				"sender":	true
			}
		}, {
			"streams":	[{
					"socket":	7,
					"start":	9.000044,
					"end":	10.000047,
					"seconds":	1.0000029802322388,
					"bytes":	11796480,
					"bits_per_second":	94371558.7508382,
					"retransmits":	0,
					"snd_cwnd":	13343320,
					"rtt":	701282,
					"rttvar":	26,
					"pmtu":	1500,
					"omitted":	false,
					"sender":	true
				}],
			"sum":	{
				"start":	9.000044,
				"end":	10.000047,
				"seconds":	1.0000029802322388,
				"bytes":	11796480,
				"bits_per_second":	94371558.7508382,
				"retransmits":	0,
				"omitted":	false,
				"sender":	true
			}
		}],
	"end":	{
		"streams":	[{
				"sender":	{
					"socket":	7,
					"start":	0,
					"end":	10.000047,
					"seconds":	10.000047,
					"bytes":	117920800,
					"bits_per_second":	94336196.6198759,
					"retransmits":	0,
					"max_snd_cwnd":	13343320,
					"max_rtt":	701315,
					"min_rtt":	180436,
					"mean_rtt":	596684,
					"sender":	true
				},
				"receiver":	{
					"socket":	7,
					"start":	0,
					"end":	10.700785,
					"seconds":	10.000047,
					"bytes":	114522320,
					"bits_per_second":	85617883.173991442,
					"sender":	true
				}
			}],
		"sum_sent":	{
			"start":	0,
			"end":	10.000047,
			"seconds":	10.000047,
			"bytes":	117920800,
			"bits_per_second":	94336196.6198759,
			"retransmits":	0,
			"sender":	true
		},
		"sum_received":	{
			"start":	0,
			"end":	10.700785,
			"seconds":	10.700785,
			"bytes":	114522320,
			"bits_per_second":	85617883.173991442,
			"sender":	true
		},
		"cpu_utilization_percent":	{
			"host_total":	3.6621211572316432,
			"host_user":	1.6571933523701474,
			"host_system":	2.004909462018162,
			"remote_total":	0.075615868753773768,
			"remote_user":	1.8987671172194196e-06,
			"remote_system":	0.075613969986656537
		},
		"sender_tcp_congestion":	"cubic",
		"receiver_tcp_congestion":	"cubic"
	}
}
