{
	"start":	{
		"connected":	[{
				"socket":	7,
				"local_host":	"10.0.1.2",
				"local_port":	49758,
				"remote_host":	"10.0.6.2",
				"remote_port":	5201
			}],
		"version":	"iperf 3.9",
		"system_info":	"Linux ip-172-31-92-69 5.15.0-1019-aws #23-Ubuntu SMP Wed Aug 17 18:33:13 UTC 2022 x86_64",
		"timestamp":	{
			"time":	"Sat, 19 Nov 2022 01:23:09 GMT",
			"timesecs":	1668820989
		},
		"connecting_to":	{
			"host":	"10.0.6.2",
			"port":	5201
		},
		"cookie":	"pg4ipxvlg7m4pl3ld76x2sxuwvb7tcz7266a",
		"tcp_mss_default":	1448,
		"sock_bufsize":	0,
		"sndbuf_actual":	87380,
		"rcvbuf_actual":	87380,
		"test_start":	{
			"protocol":	"TCP",
			"num_streams":	1,
			"blksize":	131072,
			"omit":	0,
			"duration":	10,
			"bytes":	0,
			"blocks":	0,
			"reverse":	0,
			"tos":	0
		}
	},
	"intervals":	[{
			"streams":	[{
					"socket":	7,
					"start":	0,
					"end":	1.000127,
					"seconds":	1.0001269578933716,
					"bytes":	1284376,
					"bits_per_second":	10273703.67222465,
					"retransmits":	0,
					"snd_cwnd":	199824,
					"rtt":	182844,
					"rttvar":	1303,
					"pmtu":	1500,
					"omitted":	false,
					"sender":	true
				}],
			"sum":	{
				"start":	0,
				"end":	1.000127,
				"seconds":	1.0001269578933716,
				"bytes":	1284376,
				"bits_per_second":	10273703.67222465,
				"retransmits":	0,
				"omitted":	false,
				"sender":	true
			}
		}, {
			"streams":	[{
					"socket":	7,
					"start":	1.000127,
					"end":	2.000243,
					"seconds":	1.0001159906387329,
					"bytes":	9225160,
					"bits_per_second":	73792720.7351881,
					"retransmits":	0,
					"snd_cwnd":	1543568,
					"rtt":	181000,
					"rttvar":	292,
					"pmtu":	1500,
					"omitted":	false,
					"sender":	true
				}],
			"sum":	{
				"start":	1.000127,
				"end":	2.000243,
				"seconds":	1.0001159906387329,
				"bytes":	9225160,
				"bits_per_second":	73792720.7351881,
				"retransmits":	0,
				"omitted":	false,
				"sender":	true
			}
		}, {
			"streams":	[{
					"socket":	7,
					"start":	2.000243,
					"end":	3.000177,
					"seconds":	0.99993401765823364,
					"bytes":	11796480,
					"bits_per_second":	94378067.2858909,
					"retransmits":	0,
					"snd_cwnd":	2024304,
					"rtt":	186113,
					"rttvar":	223,
					"pmtu":	1500,
					"omitted":	false,
					"sender":	true
				}],
			"sum":	{
				"start":	2.000243,
				"end":	3.000177,
				"seconds":	0.99993401765823364,
				"bytes":	11796480,
				"bits_per_second":	94378067.2858909,
				"retransmits":	0,
				"omitted":	false,
				"sender":	true
			}
		}, {
			"streams":	[{
					"socket":	7,
					"start":	3.000177,
					"end":	4.000071,
					"seconds":	0.99989402294158936,
					"bytes":	14417920,
					"bits_per_second":	115355585.04557437,
					"retransmits":	0,
					"snd_cwnd":	2604952,
					"rtt":	206992,
					"rttvar":	285,
					"pmtu":	1500,
					"omitted":	false,
					"sender":	true
				}],
			"sum":	{
				"start":	3.000177,
				"end":	4.000071,
				"seconds":	0.99989402294158936,
				"bytes":	14417920,
				"bits_per_second":	115355585.04557437,
				"retransmits":	0,
				"omitted":	false,
				"sender":	true
			}
		}, {
			"streams":	[{
					"socket":	7,
					"start":	4.000071,
					"end":	5.000101,
					"seconds":	1.0000300407409668,
					"bytes":	13107200,
					"bits_per_second":	104854450.09462549,
					"retransmits":	0,
					"snd_cwnd":	3202976,
					"rtt":	254749,
					"rttvar":	322,
					"pmtu":	1500,
					"omitted":	false,
					"sender":	true
				}],
			"sum":	{
				"start":	4.000071,
				"end":	5.000101,
				"seconds":	1.0000300407409668,
				"bytes":	13107200,
				"bits_per_second":	104854450.09462549,
				"retransmits":	0,
				"omitted":	false,
				"sender":	true
			}
		}, {
			"streams":	[{
					"socket":	7,
					"start":	5.000101,
					"end":	6.000108,
					"seconds":	1.0000070333480835,
					"bytes":	11796480,
					"bits_per_second":	94371176.254668355,
					"retransmits":	109,
					"snd_cwnd":	2452912,
					"rtt":	203850,
					"rttvar":	250,
					"pmtu":	1500,
					"omitted":	false,
					"sender":	true
				}],
			"sum":	{
				"start":	5.000101,
				"end":	6.000108,
				"seconds":	1.0000070333480835,
				"bytes":	11796480,
				"bits_per_second":	94371176.254668355,
				"retransmits":	109,
				"omitted":	false,
				"sender":	true
			}
		}, {
			"streams":	[{
					"socket":	7,
					"start":	6.000108,
					"end":	7.000066,
					"seconds":	0.99995797872543335,
					"bytes":	11796480,
					"bits_per_second":	94375805.7916476,
					"retransmits":	0,
					"snd_cwnd":	2681696,
					"rtt":	219821,
					"rttvar":	306,
					"pmtu":	1500,
					"omitted":	false,
					"sender":	true
				}],
			"sum":	{
				"start":	6.000108,
				"end":	7.000066,
				"seconds":	0.99995797872543335,
				"bytes":	11796480,
				"bits_per_second":	94375805.7916476,
				"retransmits":	0,
				"omitted":	false,
				"sender":	true
			}
		}, {
			"streams":	[{
					"socket":	7,
					"start":	7.000066,
					"end":	8.000065,
					"seconds":	0.99999898672103882,
					"bytes":	11796480,
					"bits_per_second":	94371935.6250969,
					"retransmits":	0,
					"snd_cwnd":	2877176,
					"rtt":	236568,
					"rttvar":	182,
					"pmtu":	1500,
					"omitted":	false,
					"sender":	true
				}],
			"sum":	{
				"start":	7.000066,
				"end":	8.000065,
				"seconds":	0.99999898672103882,
				"bytes":	11796480,
				"bits_per_second":	94371935.6250969,
				"retransmits":	0,
				"omitted":	false,
				"sender":	true
			}
		}, {
			"streams":	[{
					"socket":	7,
					"start":	8.000065,
					"end":	9.000196,
					"seconds":	1.0001310110092163,
					"bytes":	11796480,
					"bits_per_second":	94359477.8695752,
					"retransmits":	0,
					"snd_cwnd":	3039352,
					"rtt":	250668,
					"rttvar":	313,
					"pmtu":	1500,
					"omitted":	false,
					"sender":	true
				}],
			"sum":	{
				"start":	8.000065,
				"end":	9.000196,
				"seconds":	1.0001310110092163,
				"bytes":	11796480,
				"bits_per_second":	94359477.8695752,
				"retransmits":	0,
				"omitted":	false,
				"sender":	true
			}
		}, {
			"streams":	[{
					"socket":	7,
					"start":	9.000196,
					"end":	10.000108,
					"seconds":	0.99991202354431152,
					"bytes":	11796480,
					"bits_per_second":	94380143.2304888,
					"retransmits":	0,
					"snd_cwnd":	3171120,
					"rtt":	262062,
					"rttvar":	210,
					"pmtu":	1500,
					"omitted":	false,
					"sender":	true
				}],
			"sum":	{
				"start":	9.000196,
				"end":	10.000108,
				"seconds":	0.99991202354431152,
				"bytes":	11796480,
				"bits_per_second":	94380143.2304888,
				"retransmits":	0,
				"omitted":	false,
				"sender":	true
			}
		}],
	"end":	{
		"streams":	[{
				"sender":	{
					"socket":	7,
					"start":	0,
					"end":	10.000108,
					"seconds":	10.000108,
					"bytes":	108813536,
					"bits_per_second":	87049888.661202446,
					"retransmits":	109,
					"max_snd_cwnd":	3202976,
					"max_rtt":	262062,
					"min_rtt":	181000,
					"mean_rtt":	218466,
					"sender":	true
				},
				"receiver":	{
					"socket":	7,
					"start":	0,
					"end":	10.265044,
					"seconds":	10.000108,
					"bytes":	100754736,
					"bits_per_second":	78522594.545137852,
					"sender":	true
				}
			}],
		"sum_sent":	{
			"start":	0,
			"end":	10.000108,
			"seconds":	10.000108,
			"bytes":	108813536,
			"bits_per_second":	87049888.661202446,
			"retransmits":	109,
			"sender":	true
		},
		"sum_received":	{
			"start":	0,
			"end":	10.265044,
			"seconds":	10.265044,
			"bytes":	100754736,
			"bits_per_second":	78522594.545137852,
			"sender":	true
		},
		"cpu_utilization_percent":	{
			"host_total":	3.698305901144336,
			"host_user":	1.4863695651735287,
			"host_system":	2.2119271646997043,
			"remote_total":	1.08156475512149,
			"remote_user":	0.17994783401893275,
			"remote_system":	0.901617865170435
		},
		"sender_tcp_congestion":	"cubic",
		"receiver_tcp_congestion":	"cubic"
	}
}
