{
	"start":	{
		"connected":	[{
				"socket":	7,
				"local_host":	"10.0.1.2",
				"local_port":	52348,
				"remote_host":	"10.0.6.2",
				"remote_port":	5201
			}],
		"version":	"iperf 3.9",
		"system_info":	"Linux ip-172-31-92-69 5.15.0-1019-aws #23-Ubuntu SMP Wed Aug 17 18:33:13 UTC 2022 x86_64",
		"timestamp":	{
			"time":	"Sat, 19 Nov 2022 01:47:34 GMT",
			"timesecs":	1668822454
		},
		"connecting_to":	{
			"host":	"10.0.6.2",
			"port":	5201
		},
		"cookie":	"xaqhyemym3wytgbimjpvbzoqx26p33trzzti",
		"tcp_mss_default":	1448,
		"sock_bufsize":	0,
		"sndbuf_actual":	87380,
		"rcvbuf_actual":	87380,
		"test_start":	{
			"protocol":	"TCP",
			"num_streams":	1,
			"blksize":	131072,
			"omit":	0,
			"duration":	10,
			"bytes":	0,
			"blocks":	0,
			"reverse":	0,
			"tos":	0
		}
	},
	"intervals":	[{
			"streams":	[{
					"socket":	7,
					"start":	0,
					"end":	1.000136,
					"seconds":	1.0001360177993774,
					"bytes":	839840,
					"bits_per_second":	6717806.258776037,
					"retransmits":	0,
					"snd_cwnd":	160728,
					"rtt":	180590,
					"rttvar":	126,
					"pmtu":	1500,
					"omitted":	false,
					"sender":	true
				}],
			"sum":	{
				"start":	0,
				"end":	1.000136,
				"seconds":	1.0001360177993774,
				"bytes":	839840,
				"bits_per_second":	6717806.258776037,
				"retransmits":	0,
				"omitted":	false,
				"sender":	true
			}
		}, {
			"streams":	[{
					"socket":	7,
					"start":	1.000136,
					"end":	2.000119,
					"seconds":	0.999983012676239,
					"bytes":	17553120,
					"bits_per_second":	140427345.48478264,
					"retransmits":	0,
					"snd_cwnd":	7031488,
					"rtt":	180464,
					"rttvar":	59,
					"pmtu":	1500,
					"omitted":	false,
					"sender":	true
				}],
			"sum":	{
				"start":	1.000136,
				"end":	2.000119,
				"seconds":	0.999983012676239,
				"bytes":	17553120,
				"bits_per_second":	140427345.48478264,
				"retransmits":	0,
				"omitted":	false,
				"sender":	true
			}
		}, {
			"streams":	[{
					"socket":	7,
					"start":	2.000119,
					"end":	3.000129,
					"seconds":	1.0000100135803223,
					"bytes":	35389440,
					"bits_per_second":	283112685.0283882,
					"retransmits":	0,
					"snd_cwnd":	16870648,
					"rtt":	268020,
					"rttvar":	18394,
					"pmtu":	1500,
					"omitted":	false,
					"sender":	true
				}],
			"sum":	{
				"start":	2.000119,
				"end":	3.000129,
				"seconds":	1.0000100135803223,
				"bytes":	35389440,
				"bits_per_second":	283112685.0283882,
				"retransmits":	0,
				"omitted":	false,
				"sender":	true
			}
		}, {
			"streams":	[{
					"socket":	7,
					"start":	3.000129,
					"end":	4.00013,
					"seconds":	1.0000009536743164,
					"bytes":	11796480,
					"bits_per_second":	94371750.000085831,
					"retransmits":	0,
					"snd_cwnd":	16870648,
					"rtt":	699092,
					"rttvar":	1643,
					"pmtu":	1500,
					"omitted":	false,
					"sender":	true
				}],
			"sum":	{
				"start":	3.000129,
				"end":	4.00013,
				"seconds":	1.0000009536743164,
				"bytes":	11796480,
				"bits_per_second":	94371750.000085831,
				"retransmits":	0,
				"omitted":	false,
				"sender":	true
			}
		}, {
			"streams":	[{
					"socket":	7,
					"start":	4.00013,
					"end":	5.000093,
					"seconds":	0.99996298551559448,
					"bytes":	11796480,
					"bits_per_second":	94375333.254301,
					"retransmits":	0,
					"snd_cwnd":	16870648,
					"rtt":	700611,
					"rttvar":	221,
					"pmtu":	1500,
					"omitted":	false,
					"sender":	true
				}],
			"sum":	{
				"start":	4.00013,
				"end":	5.000093,
				"seconds":	0.99996298551559448,
				"bytes":	11796480,
				"bits_per_second":	94375333.254301,
				"retransmits":	0,
				"omitted":	false,
				"sender":	true
			}
		}, {
			"streams":	[{
					"socket":	7,
					"start":	5.000093,
					"end":	6.000082,
					"seconds":	0.99998897314071655,
					"bytes":	11796480,
					"bits_per_second":	94372880.636474952,
					"retransmits":	0,
					"snd_cwnd":	16870648,
					"rtt":	700642,
					"rttvar":	168,
					"pmtu":	1500,
					"omitted":	false,
					"sender":	true
				}],
			"sum":	{
				"start":	5.000093,
				"end":	6.000082,
				"seconds":	0.99998897314071655,
				"bytes":	11796480,
				"bits_per_second":	94372880.636474952,
				"retransmits":	0,
				"omitted":	false,
				"sender":	true
			}
		}, {
			"streams":	[{
					"socket":	7,
					"start":	6.000082,
					"end":	7.00012,
					"seconds":	1.0000380277633667,
					"bytes":	11796480,
					"bits_per_second":	94368251.38646695,
					"retransmits":	0,
					"snd_cwnd":	16870648,
					"rtt":	700587,
					"rttvar":	255,
					"pmtu":	1500,
					"omitted":	false,
					"sender":	true
				}],
			"sum":	{
				"start":	6.000082,
				"end":	7.00012,
				"seconds":	1.0000380277633667,
				"bytes":	11796480,
				"bits_per_second":	94368251.38646695,
				"retransmits":	0,
				"omitted":	false,
				"sender":	true
			}
		}, {
			"streams":	[{
					"socket":	7,
					"start":	7.00012,
					"end":	8.000035,
					"seconds":	0.99991500377655029,
					"bytes":	11796480,
					"bits_per_second":	94379861.9318339,
					"retransmits":	0,
					"snd_cwnd":	16870648,
					"rtt":	700832,
					"rttvar":	500,
					"pmtu":	1500,
					"omitted":	false,
					"sender":	true
				}],
			"sum":	{
				"start":	7.00012,
				"end":	8.000035,
				"seconds":	0.99991500377655029,
				"bytes":	11796480,
				"bits_per_second":	94379861.9318339,
				"retransmits":	0,
				"omitted":	false,
				"sender":	true
			}
		}, {
			"streams":	[{
					"socket":	7,
					"start":	8.000035,
					"end":	9.000174,
					"seconds":	1.0001389980316162,
					"bytes":	11796480,
					"bits_per_second":	94358724.3230533,
					"retransmits":	0,
					"snd_cwnd":	16870648,
					"rtt":	700651,
					"rttvar":	417,
					"pmtu":	1500,
					"omitted":	false,
					"sender":	true
				}],
			"sum":	{
				"start":	8.000035,
				"end":	9.000174,
				"seconds":	1.0001389980316162,
				"bytes":	11796480,
				"bits_per_second":	94358724.3230533,
				"retransmits":	0,
				"omitted":	false,
				"sender":	true
			}
		}, {
			"streams":	[{
					"socket":	7,
					"start":	9.000174,
					"end":	10.000049,
					"seconds":	0.999875009059906,
					"bytes":	11796480,
					"bits_per_second":	94383637.099530563,
					"retransmits":	0,
					"snd_cwnd":	16870648,
					"rtt":	700584,
					"rttvar":	263,
					"pmtu":	1500,
					"omitted":	false,
					"sender":	true
				}],
			"sum":	{
				"start":	9.000174,
				"end":	10.000049,
				"seconds":	0.999875009059906,
				"bytes":	11796480,
				"bits_per_second":	94383637.099530563,
				"retransmits":	0,
				"omitted":	false,
				"sender":	true
			}
		}],
	"end":	{
		"streams":	[{
				"sender":	{
					"socket":	7,
					"start":	0,
					"end":	10.000049,
					"seconds":	10.000049,
					"bytes":	136357760,
					"bits_per_second":	109085673.48019993,
					"retransmits":	0,
					"max_snd_cwnd":	16870648,
					"max_rtt":	700832,
					"min_rtt":	180464,
					"mean_rtt":	553207,
					"sender":	true
				},
				"receiver":	{
					"socket":	7,
					"start":	0,
					"end":	10.700552,
					"seconds":	10.000049,
					"bytes":	133961720,
					"bits_per_second":	100153128.54888234,
					"sender":	true
				}
			}],
		"sum_sent":	{
			"start":	0,
			"end":	10.000049,
			"seconds":	10.000049,
			"bytes":	136357760,
			"bits_per_second":	109085673.48019993,
			"retransmits":	0,
			"sender":	true
		},
		"sum_received":	{
			"start":	0,
			"end":	10.700552,
			"seconds":	10.700552,
			"bytes":	133961720,
			"bits_per_second":	100153128.54888234,
			"sender":	true
		},
		"cpu_utilization_percent":	{
			"host_total":	3.7483229075173088,
			"host_user":	1.6201431039433696,
			"host_system":	2.1281614609122923,
			"remote_total":	0.39215695471749268,
			"remote_user":	1.0051268842024811e-05,
			"remote_system":	0.39214355302570325
		},
		"sender_tcp_congestion":	"cubic",
		"receiver_tcp_congestion":	"cubic"
	}
}
