{
	"start":	{
		"connected":	[{
				"socket":	7,
				"local_host":	"10.0.6.2",
				"local_port":	5201,
				"remote_host":	"10.0.1.2",
				"remote_port":	54410
			}],
		"version":	"iperf 3.9",
		"system_info":	"Linux ip-172-31-92-69 5.15.0-1019-aws #23-Ubuntu SMP Wed Aug 17 18:33:13 UTC 2022 x86_64",
		"sock_bufsize":	0,
		"sndbuf_actual":	87380,
		"rcvbuf_actual":	87380,
		"timestamp":	{
			"time":	"Sat, 19 Nov 2022 01:53:04 GMT",
			"timesecs":	1668822784
		},
		"accepted_connection":	{
			"host":	"10.0.1.2",
			"port":	54404
		},
		"cookie":	"dpianrjt5lky6gmckchgyrwpcu6npzeodx6t",
		"tcp_mss_default":	0,
		"test_start":	{
			"protocol":	"TCP",
			"num_streams":	1,
			"blksize":	131072,
			"omit":	0,
			"duration":	10,
			"bytes":	0,
			"blocks":	0,
			"reverse":	0,
			"tos":	0
		}
	},
	"intervals":	[{
			"streams":	[{
					"socket":	7,
					"start":	0,
					"end":	1.000119,
					"seconds":	1.0001189708709717,
					"bytes":	185344,
					"bits_per_second":	1482575.6166876012,
					"omitted":	false,
					"sender":	false
				}],
			"sum":	{
				"start":	0,
				"end":	1.000119,
				"seconds":	1.0001189708709717,
				"bytes":	185344,
				"bits_per_second":	1482575.6166876012,
				"omitted":	false,
				"sender":	false
			}
		}, {
			"streams":	[{
					"socket":	7,
					"start":	1.000119,
					"end":	2.000054,
					"seconds":	0.99993497133255,
					"bytes":	9779792,
					"bits_per_second":	78243424.0656037,
					"omitted":	false,
					"sender":	false
				}],
			"sum":	{
				"start":	1.000119,
				"end":	2.000054,
				"seconds":	0.99993497133255,
				"bytes":	9779792,
				"bits_per_second":	78243424.0656037,
				"omitted":	false,
				"sender":	false
			}
		}, {
			"streams":	[{
					"socket":	7,
					"start":	2.000054,
					"end":	3.000106,
					"seconds":	1.0000519752502441,
					"bytes":	12486104,
					"bits_per_second":	99883640.52278854,
					"omitted":	false,
					"sender":	false
				}],
			"sum":	{
				"start":	2.000054,
				"end":	3.000106,
				"seconds":	1.0000519752502441,
				"bytes":	12486104,
				"bits_per_second":	99883640.52278854,
				"omitted":	false,
				"sender":	false
			}
		}, {
			"streams":	[{
					"socket":	7,
					"start":	3.000106,
					"end":	4.000092,
					"seconds":	0.99998599290847778,
					"bytes":	11967720,
					"bits_per_second":	95743101.082379475,
					"omitted":	false,
					"sender":	false
				}],
			"sum":	{
				"start":	3.000106,
				"end":	4.000092,
				"seconds":	0.99998599290847778,
				"bytes":	11967720,
				"bits_per_second":	95743101.082379475,
				"omitted":	false,
				"sender":	false
			}
		}, {
			"streams":	[{
					"socket":	7,
					"start":	4.000092,
					"end":	5.000088,
					"seconds":	0.9999960064888,
					"bytes":	11967720,
					"bits_per_second":	95742142.34731777,
					"omitted":	false,
					"sender":	false
				}],
			"sum":	{
				"start":	4.000092,
				"end":	5.000088,
				"seconds":	0.9999960064888,
				"bytes":	11967720,
				"bits_per_second":	95742142.34731777,
				"omitted":	false,
				"sender":	false
			}
		}, {
			"streams":	[{
					"socket":	7,
					"start":	5.000088,
					"end":	6.000052,
					"seconds":	0.99996399879455566,
					"bytes":	11946000,
					"bits_per_second":	95571440.6870708,
					"omitted":	false,
					"sender":	false
				}],
			"sum":	{
				"start":	5.000088,
				"end":	6.000052,
				"seconds":	0.99996399879455566,
				"bytes":	11946000,
				"bits_per_second":	95571440.6870708,
				"omitted":	false,
				"sender":	false
			}
		}, {
			"streams":	[{
					"socket":	7,
					"start":	6.000052,
					"end":	7.000042,
					"seconds":	0.99998998641967773,
					"bytes":	11967720,
					"bits_per_second":	95742718.727404252,
					"omitted":	false,
					"sender":	false
				}],
			"sum":	{
				"start":	6.000052,
				"end":	7.000042,
				"seconds":	0.99998998641967773,
				"bytes":	11967720,
				"bits_per_second":	95742718.727404252,
				"omitted":	false,
				"sender":	false
			}
		}, {
			"streams":	[{
					"socket":	7,
					"start":	7.000042,
					"end":	8.00009,
					"seconds":	1.000048041343689,
					"bytes":	11946000,
					"bits_per_second":	95563409.0054239,
					"omitted":	false,
					"sender":	false
				}],
			"sum":	{
				"start":	7.000042,
				"end":	8.00009,
				"seconds":	1.000048041343689,
				"bytes":	11946000,
				"bits_per_second":	95563409.0054239,
				"omitted":	false,
				"sender":	false
			}
		}, {
			"streams":	[{
					"socket":	7,
					"start":	8.00009,
					"end":	9.000125,
					"seconds":	1.0000350475311279,
					"bytes":	11946000,
					"bits_per_second":	95564650.694930047,
					"omitted":	false,
					"sender":	false
				}],
			"sum":	{
				"start":	8.00009,
				"end":	9.000125,
				"seconds":	1.0000350475311279,
				"bytes":	11946000,
				"bits_per_second":	95564650.694930047,
				"omitted":	false,
				"sender":	false
			}
		}, {
			"streams":	[{
					"socket":	7,
					"start":	9.000125,
					"end":	10.000115,
					"seconds":	0.99998998641967773,
					"bytes":	11967720,
					"bits_per_second":	95742718.727404252,
					"omitted":	false,
					"sender":	false
				}],
			"sum":	{
				"start":	9.000125,
				"end":	10.000115,
				"seconds":	0.99998998641967773,
				"bytes":	11967720,
				"bits_per_second":	95742718.727404252,
				"omitted":	false,
				"sender":	false
			}
		}, {
			"streams":	[{
					"socket":	7,
					"start":	10.000115,
					"end":	10.700785,
					"seconds":	0.70067000389099121,
					"bytes":	8362200,
					"bits_per_second":	95476614.709494248,
					"omitted":	false,
					"sender":	false
				}],
			"sum":	{
				"start":	10.000115,
				"end":	10.700785,
				"seconds":	0.70067000389099121,
				"bytes":	8362200,
				"bits_per_second":	95476614.709494248,
				"omitted":	false,
				"sender":	false
			}
		}],
	"end":	{
		"streams":	[{
				"sender":	{
					"socket":	7,
					"start":	0,
					"end":	10.700785,
					"seconds":	10.700785,
					"bytes":	0,
					"bits_per_second":	0,
					"sender":	false
				},
				"receiver":	{
					"socket":	7,
					"start":	0,
					"end":	10.700785,
					"seconds":	10.700785,
					"bytes":	114522320,
					"bits_per_second":	85617883.173991442,
					"sender":	false
				}
			}],
		"sum_sent":	{
			"start":	0,
			"end":	10.700785,
			"seconds":	10.700785,
			"bytes":	0,
			"bits_per_second":	0,
			"sender":	false
		},
		"sum_received":	{
			"start":	0,
			"end":	10.700785,
			"seconds":	10.700785,
			"bytes":	114522320,
			"bits_per_second":	85617883.173991442,
			"sender":	false
		},
		"cpu_utilization_percent":	{
			"host_total":	0.075615868753773768,
			"host_user":	1.8987671172194196e-06,
			"host_system":	0.075613969986656537,
			"remote_total":	0,
			"remote_user":	0,
			"remote_system":	0
		},
		"receiver_tcp_congestion":	"cubic"
	}
}
{
	"start":	{
		"connected":	[],
		"version":	"iperf 3.9",
		"system_info":	"Linux ip-172-31-92-69 5.15.0-1019-aws #23-Ubuntu SMP Wed Aug 17 18:33:13 UTC 2022 x86_64"
	},
	"intervals":	[],
	"end":	{
	},
	"error":	"interrupt - the server has terminated"
}
